{
  "lang":"pt",
  "name":"pipeline",
  "version":"0.0.0",
  "spacy_version":">=3.3.1,<3.4.0",
  "description":"",
  "author":"",
  "email":"",
  "url":"",
  "license":"",
  "spacy_git_version":"5fb597f77",
  "vectors":{
    "width":0,
    "vectors":0,
    "keys":0,
    "name":null,
    "mode":"default"
  },
  "labels":{
    "tok2vec":[

    ],
    "ner":[
      "ACTOR",
      "AGRESSION",
      "CRIME",
      "ESCAPE",
      "INTENTION",
      "MURDER",
      "PRECLUDE",
      "RECURRENCE",
      "RELATIVE",
      "SOCIAL",
      "SUBTRACTION",
      "VICTIM",
      "VOLUNTARY"
    ]
  },
  "pipeline":[
    "tok2vec",
    "ner"
  ],
  "components":[
    "tok2vec",
    "ner"
  ],
  "disabled":[

  ],
  "performance":{
    "ents_f":0.9703764199,
    "ents_p":0.9556887979,
    "ents_r":0.9855225456,
    "ents_per_type":{
      "ACTOR":{
        "p":0.9599474721,
        "r":0.9932065217,
        "f":0.976293823
      },
      "INTENTION-STEALING":{
        "p":1.0,
        "r":1.0,
        "f":1.0
      },
      "SUBTRACTION":{
        "p":0.9647577093,
        "r":0.9943246311,
        "f":0.9793180548
      },
      "CRIME-OBJECT-CHATTEL-OBJECT":{
        "p":0.9451560527,
        "r":0.9855154251,
        "f":0.9649138963
      },
      "AGRESSION":{
        "p":1.0,
        "r":0.9290780142,
        "f":0.9632352941
      },
      "VICTIM":{
        "p":0.9944674965,
        "r":0.9883161512,
        "f":0.991382282
      },
      "CRIME-OBJECT-PHYSICAL-BODY":{
        "p":0.8924731183,
        "r":1.0,
        "f":0.9431818182
      },
      "PRECLUDE-DEFENSE":{
        "p":0.9677419355,
        "r":0.9677419355,
        "f":0.9677419355
      },
      "CRIME-OBJECT-PSYCHOLOGICAL":{
        "p":0.9363057325,
        "r":0.9264705882,
        "f":0.9313621964
      },
      "ESCAPE-FROM-CRIME-SCENE":{
        "p":1.0,
        "r":1.0,
        "f":1.0
      },
      "ACTOR-UNDERAGE":{
        "p":1.0,
        "r":0.8666666667,
        "f":0.9285714286
      },
      "VOLUNTARY-CONFESSION":{
        "p":1.0,
        "r":0.9735682819,
        "f":0.9866071429
      },
      "RECURRENCE":{
        "p":0.9838274933,
        "r":1.0,
        "f":0.9918478261
      },
      "RELATIVE":{
        "p":1.0,
        "r":1.0,
        "f":1.0
      },
      "MURDER":{
        "p":1.0,
        "r":1.0,
        "f":1.0
      },
      "VICTIM-DECEASED":{
        "p":1.0,
        "r":1.0,
        "f":1.0
      },
      "ACTOR-OVER-SEVENTY":{
        "p":1.0,
        "r":1.0,
        "f":1.0
      },
      "SOCIAL-REASON":{
        "p":0.776119403,
        "r":0.9285714286,
        "f":0.8455284553
      },
      "VICTIM-OVER-SIXTY":{
        "p":0.9756097561,
        "r":1.0,
        "f":0.987654321
      },
      "VICTIM-WOMAN":{
        "p":0.8898128898,
        "r":1.0,
        "f":0.9416941694
      },
      "ACTOR-UNDER-TWENTY-ONE":{
        "p":0.9402985075,
        "r":0.9497487437,
        "f":0.945
      },
      "INTENTION-ECONOMIC-ADVANTAGE":{
        "p":0.9444444444,
        "r":1.0,
        "f":0.9714285714
      },
      "INTENTION-DEATH":{
        "p":1.0,
        "r":1.0,
        "f":1.0
      },
      "VICTIM-UNDER-FOURTEEN":{
        "p":0.0,
        "r":0.0,
        "f":0.0
      }
    },
    "tok2vec_loss":2818.2205881297,
    "ner_loss":1484.7147855736
  }
}